Sector,Count,Percentage
Materials,6,35.294117647058826
Consumer Staples,4,23.52941176470588
Healthcare,3,17.647058823529413
Other,1,5.88235294117647
Energy,2,11.76470588235294
Industrials,1,5.88235294117647
